fecha,tc_bancario_promedio,wti_promedio
2021-01,3.624575,51.8457142857143
2021-02,3.645275,59.069
2021-03,3.70815217391304,62.3330434782609
2021-04,3.69945,61.7027272727273
2021-05,3.77354761904762,65.2238095238095
2021-06,3.91030952380952,71.3781818181818
2021-07,3.94005,72.6163636363636
2021-08,4.08619047619048,67.7304545454545
2021-09,4.10747727272727,71.5413636363636
2021-10,4.01505,81.4766666666667
2021-11,4.01959523809524,79.0722727272727
2021-12,4.03697727272727,71.8065217391304
2022-01,3.88928571428572,83.2504761904762
2022-02,3.7908,91.622
2022-03,3.73878260869565,108.502608695652
2022-04,3.73973684210526,102.018571428571
2022-05,3.75754545454545,109.798181818182
2022-06,3.74714285714286,114.629545454545
2022-07,3.90218421052632,102.032380952381
2022-08,3.87379545454545,93.6591304347826
2022-09,3.89770454545455,84.3959090909091
2022-10,3.97871428571429,87.5547619047619
2022-11,3.87730952380952,84.0777272727273
2022-12,3.829175,76.5795454545455
2023-01,3.83278571428571,78.2963636363636
2023-02,3.840875,76.8065
2023-03,3.77960869565217,73.2778260869565
2023-04,3.76561111111111,79.509
2023-05,3.68870454545455,71.6117391304348
2023-06,3.65104761904762,70.3190909090909
2023-07,3.6013,75.7666666666667
2023-08,3.69634090909091,81.3860869565218
2023-09,3.72966666666667,89.1902380952381
2023-10,3.84440909090909,85.5118181818182
2023-11,3.76188095238095,77.5836363636363
2023-12,3.73368421052632,71.9661904761905
2024-01,3.73980952380952,74.0013043478261
2024-02,3.82730952380952,77.3633333333333
2024-03,3.70955263157895,81.4057142857143
2024-04,3.71315909090909,85.3472727272727
2024-05,3.73097727272727,79.9573913043479
2024-06,3.78463157894737,79.9125
2024-07,3.7644,81.9478260869565
2024-08,3.741325,76.6831818181818
2024-09,3.76821428571429,70.44
2024-10,3.75359090909091,72.164347826087
2024-11,3.77885,69.9414285714286
2024-12,3.73489473684211,70.09
2025-01,3.74775,75.6452173913044
2025-02,3.6977,71.509
2025-03,3.65259523809524,68.2390476190476
2025-04,3.6997,63.6063636363636
2025-05,3.66014285714286,62.2004545454545
2025-06,3.60390476190476,68.5366666666667
2025-07,3.5562,68.3795652173913
2025-08,3.5432,64.8642857142857
2025-09,3.50281818181818,63.9772727272727
2025-10,3.41409090909091,60.8447826086956
2025-11,3.37285,60.0435
2025-12,3.36673684210526,58.0047826086957
2026-01,3.35675,59.8818181818182
2026-02,3.356975,64.4355
2026-03,3.44677272727273,91.3836363636364
2026-04,3.442675,100.903636363636
2026-05,3.434825,102.049047619048
2026-06,3.40457142857143,84.6045454545455
2026-07,3.4,79.99
2026-08,3.36385,83.897619047619
