simbolo,contrato,ultimo,variacion,settle_previo,hora_fecha
CLX26,Nov 2026,89.55,0.17,89.38,00:09
CLZ26,Dec 2026,87.32,0.07,87.25,29/09
CLF27,Jan 2027,85.7,-0.01,85.71,29/09
CLG27,Feb 2027,84.16,-0.09,84.25,29/09
CLH27,Mar 2027,82.82,-0.1,82.92,29/09
CLJ27,Apr 2027,81.64,-0.05,81.69,29/09
CLK27,May 2027,80.54,-0.03,80.57,29/09
CLM27,Jun 2027,79.55,0.0,79.55,29/09
CLN27,Jul 2027,78.59,-0.02,78.61,29/09
CLQ27,Aug 2027,77.68,-0.05,77.73,29/09
CLU27,Sep 2027,77.02,0.09,76.93,29/09
CLV27,Oct 2027,76.25,0.03,76.22,29/09
CLX27,Nov 2027,75.59,0.25,75.34,29/09
CLZ27,Dec 2027,75.0,-0.01,75.01,29/09
CLF28,Jan 2028,74.48,0.01,74.47,29/09
CLG28,Feb 2028,73.97,0.41,73.56,29/09
CLH28,Mar 2028,73.5,-0.01,73.51,29/09
CLJ28,Apr 2028,73.09,0.43,72.66,29/09
CLK28,May 2028,72.71,0.45,72.26,29/09
CLM28,Jun 2028,72.25,-0.1,72.35,29/09
CLN28,Jul 2028,71.96,0.48,71.48,29/09
CLQ28,Aug 2028,71.58,0.48,71.1,29/09
CLU28,Sep 2028,71.24,0.5,70.74,29/09
CLV28,Oct 2028,70.9,0.52,70.38,29/09
CLX28,Nov 2028,70.61,0.53,70.08,29/09
CLZ28,Dec 2028,70.28,-0.07,70.35,29/09
CLF29,Jan 2029,70.05,0.59,69.46,29/09
CLG29,Feb 2029,69.71,0.58,69.13,29/09
CLH29,Mar 2029,69.41,0.59,68.82,29/09
CLJ29,Apr 2029,69.12,0.59,68.53,29/09
CLK29,May 2029,68.85,0.59,68.26,29/09
CLM29,Jun 2029,68.55,0.58,67.97,29/09
CLN29,Jul 2029,68.22,0.56,67.66,29/09
CLQ29,Aug 2029,67.92,0.56,67.36,29/09
CLU29,Sep 2029,67.64,0.56,67.08,29/09
CLV29,Oct 2029,67.37,0.55,66.82,29/09
CLX29,Nov 2029,67.12,0.56,66.56,29/09
CLZ29,Dec 2029,66.65,-0.2,66.85,29/09
CLF30,Jan 2030,66.55,0.62,65.93,29/09
CLG30,Feb 2030,66.3,0.62,65.68,29/09
CLH30,Mar 2030,66.01,0.6,65.41,29/09
CLJ30,Apr 2030,65.74,0.6,65.14,29/09
CLK30,May 2030,65.51,0.6,64.91,29/09
CLM30,Jun 2030,65.24,0.59,64.65,29/09
CLN30,Jul 2030,64.94,0.59,64.35,29/09
CLQ30,Aug 2030,64.68,0.59,64.09,29/09
CLU30,Sep 2030,64.44,0.59,63.85,29/09
CLV30,Oct 2030,64.2,0.58,63.62,29/09
CLX30,Nov 2030,63.96,0.58,63.38,29/09
CLZ30,Dec 2030,63.7,0.58,63.12,29/09
CLF31,Jan 2031,63.39,0.58,62.81,29/09
CLG31,Feb 2031,63.12,0.57,62.55,29/09
CLH31,Mar 2031,62.91,0.57,62.34,29/09
CLJ31,Apr 2031,62.72,0.57,62.15,29/09
CLK31,May 2031,62.43,0.56,61.87,29/09
CLM31,Jun 2031,62.23,0.56,61.67,29/09
CLN31,Jul 2031,61.97,0.57,61.4,29/09
CLQ31,Aug 2031,61.74,0.57,61.17,29/09
CLU31,Sep 2031,61.49,0.58,60.91,29/09
CLV31,Oct 2031,61.24,0.58,60.66,29/09
CLX31,Nov 2031,61.07,0.59,60.48,29/09
CLZ31,Dec 2031,60.83,0.59,60.24,29/09
CLF32,Jan 2032,60.53,0.58,59.95,29/09
CLG32,Feb 2032,60.36,0.57,59.79,29/09
CLH32,Mar 2032,60.17,0.56,59.61,29/09
CLJ32,Apr 2032,59.95,0.54,59.41,29/09
CLK32,May 2032,59.7,0.53,59.17,29/09
CLM32,Jun 2032,59.48,0.52,58.96,29/09
CLN32,Jul 2032,59.22,0.52,58.7,29/09
CLQ32,Aug 2032,59.01,0.52,58.49,29/09
CLU32,Sep 2032,58.77,0.52,58.25,29/09
CLV32,Oct 2032,58.58,0.51,58.07,29/09
CLX32,Nov 2032,58.35,0.51,57.84,29/09
CLZ32,Dec 2032,58.19,0.51,57.68,29/09
CLF33,Jan 2033,57.97,0.48,57.49,29/09
CLG33,Feb 2033,57.79,0.45,57.34,29/09
CLH33,Mar 2033,57.63,0.42,57.21,29/09
CLJ33,Apr 2033,57.46,0.39,57.07,29/09
CLK33,May 2033,57.21,0.36,56.85,29/09
CLM33,Jun 2033,56.97,0.33,56.64,29/09
CLN33,Jul 2033,56.69,0.3,56.39,29/09
CLQ33,Aug 2033,56.47,0.27,56.2,29/09
CLU33,Sep 2033,56.26,0.25,56.01,29/09
CLV33,Oct 2033,56.08,0.22,55.86,29/09
CLX33,Nov 2033,55.93,0.19,55.74,29/09
CLZ33,Dec 2033,55.81,0.16,55.65,29/09
CLF34,Jan 2034,55.63,0.15,55.48,29/09
CLG34,Feb 2034,55.45,0.14,55.31,29/09
CLH34,Mar 2034,55.2,0.13,55.07,29/09
CLJ34,Apr 2034,55.03,0.11,54.92,29/09
CLK34,May 2034,54.84,0.1,54.74,29/09
CLM34,Jun 2034,54.71,0.09,54.62,29/09
CLN34,Jul 2034,54.56,0.09,54.47,29/09
CLQ34,Aug 2034,54.42,0.09,54.33,29/09
CLU34,Sep 2034,54.33,0.08,54.25,29/09
CLV34,Oct 2034,54.2,0.08,54.12,29/09
CLX34,Nov 2034,54.08,0.08,54.0,29/09
CLZ34,Dec 2034,53.78,0.08,53.7,29/09
CLF35,Jan 2035,53.73,0.07,53.66,29/09
CLG35,Feb 2035,53.57,0.07,53.5,29/09
CLH35,Mar 2035,53.41,0.07,53.34,29/09
CLJ35,Apr 2035,53.25,0.07,53.18,29/09
CLK35,May 2035,53.05,0.07,52.98,29/09
CLM35,Jun 2035,52.77,0.06,52.71,29/09
CLN35,Jul 2035,52.62,0.06,52.56,29/09
CLQ35,Aug 2035,52.47,0.06,52.41,29/09
CLU35,Sep 2035,52.34,0.06,52.28,29/09
CLV35,Oct 2035,52.2,0.05,52.15,29/09
CLX35,Nov 2035,52.06,0.05,52.01,29/09
CLZ35,Dec 2035,51.86,0.04,51.82,29/09
CLF36,Jan 2036,51.74,0.04,51.7,29/09
CLG36,Feb 2036,51.62,0.04,51.58,29/09
CLH36,Mar 2036,51.49,0.04,51.45,29/09
CLJ36,Apr 2036,51.34,0.04,51.3,29/09
CLK36,May 2036,51.18,0.04,51.14,29/09
CLM36,Jun 2036,50.9,0.04,50.86,29/09
CLN36,Jul 2036,50.73,0.04,50.69,29/09
CLQ36,Aug 2036,50.55,0.04,50.51,29/09
CLU36,Sep 2036,50.42,0.04,50.38,29/09
CLV36,Oct 2036,50.28,0.04,50.24,29/09
