plazo_dias,tasa_pct
0,3.9449869
90,4.1476667
180,4.296537
270,4.4104221
360,4.5024197
450,4.5814451
540,4.6533988
630,4.7220379
720,4.7896393
810,4.8634328
900,4.9336084
990,5.0007033
1080,5.0651135
1170,5.1271336
1260,5.1869851
1350,5.2448372
1440,5.3008207
1530,5.3550396
1620,5.4075777
1710,5.4585046
1800,5.5078792
1890,5.5557528
1980,5.602171
2070,5.6471751
2160,5.6908032
2250,5.7330909
2340,5.7740717
2430,5.8137777
2520,5.8522398
2610,5.8894877
2700,5.92555
2790,5.9604548
2880,5.9942293
2970,6.0269001
3060,6.0584931
3150,6.0890335
3240,6.1185463
3330,6.1470555
3420,6.174585
3510,6.2011579
3600,6.2267968
3690,6.2515241
3780,6.2753615
3870,6.2983302
3960,6.3204511
4050,6.3417447
4140,6.3622308
4230,6.381929
4320,6.4008585
4410,6.4190379
4500,6.4364856
4590,6.4532195
4680,6.4692572
4770,6.4846159
4860,6.4993122
4950,6.5133628
5040,6.5267836
5130,6.5395904
5220,6.5517986
5310,6.5634232
5400,6.574479
5490,6.5849803
5580,6.5949414
5670,6.6043759
5760,6.6132973
5850,6.6217188
5940,6.6296534
6030,6.6371136
6120,6.6441117
6210,6.6506598
6300,6.6567696
6390,6.6624528
6480,6.6677206
6570,6.6725839
6660,6.6770536
6750,6.6811401
6840,6.6848538
6930,6.6882046
7020,6.6912025
7110,6.6938571
7200,6.6961776
7290,6.6981733
7380,6.6998532
7470,6.701226
7560,6.7023002
7650,6.7030842
7740,6.7035863
7830,6.7038142
7920,6.703776
8010,6.7034791
8100,6.702931
8190,6.7021391
8280,6.7011102
8370,6.6998515
8460,6.6983697
8550,6.6966713
8640,6.6947629
8730,6.6926507
8820,6.6903409
8910,6.6878395
9000,6.6851524
9090,6.6822853
9180,6.6792438
9270,6.6760333
9360,6.6726592
9450,6.6691267
9540,6.6654408
9630,6.6616066
9720,6.6576287
9810,6.6535121
9900,6.6492612
9990,6.6448806
10080,6.6403746
10170,6.6357475
10260,6.6310035
10350,6.6261467
10440,6.6211809
10530,6.6161102
10620,6.6109383
10710,6.6056688
10800,6.6003053
10890,6.5948514
10980,6.5893105
11070,6.5836858
11160,6.5779807
11250,6.5721983
11340,6.5663417
11430,6.5604139
11520,6.5544178
11610,6.5483562
11700,6.5422321
11790,6.536048
11880,6.5298066
11970,6.5235105
12060,6.5171622
12150,6.5107641
12240,6.5043187
12330,6.4978282
12420,6.4912949
12510,6.4847209
12600,6.4781085
