fecha,valor
2021-01-04,0.25
2021-01-05,0.25
2021-01-06,0.25
2021-01-07,0.25
2021-01-08,0.25
2021-01-11,0.25
2021-01-12,0.25
2021-01-13,0.25
2021-01-14,0.25
2021-01-15,0.25
2021-01-18,0.25
2021-01-19,0.25
2021-01-20,0.25
2021-01-21,0.25
2021-01-22,0.25
2021-01-25,0.25
2021-01-26,0.25
2021-01-27,0.25
2021-01-28,0.25
2021-01-29,0.25
2021-02-01,0.25
2021-02-02,0.25
2021-02-03,0.25
2021-02-04,0.25
2021-02-05,0.25
2021-02-08,0.25
2021-02-09,0.25
2021-02-10,0.25
2021-02-11,0.25
2021-02-12,0.25
2021-02-15,0.25
2021-02-16,0.25
2021-02-17,0.25
2021-02-18,0.25
2021-02-19,0.25
2021-02-22,0.25
2021-02-23,0.25
2021-02-24,0.25
2021-02-25,0.25
2021-02-26,0.25
2021-03-01,0.25
2021-03-02,0.25
2021-03-03,0.25
2021-03-04,0.25
2021-03-05,0.25
2021-03-08,0.25
2021-03-09,0.25
2021-03-10,0.25
2021-03-11,0.25
2021-03-12,0.25
2021-03-15,0.25
2021-03-16,0.25
2021-03-17,0.25
2021-03-18,0.25
2021-03-19,0.25
2021-03-22,0.25
2021-03-23,0.25
2021-03-24,0.25
2021-03-25,0.25
2021-03-26,0.25
2021-03-29,0.25
2021-03-30,0.25
2021-03-31,0.25
2021-04-05,0.25
2021-04-06,0.25
2021-04-07,0.25
2021-04-08,0.25
2021-04-09,0.25
2021-04-12,0.25
2021-04-13,0.25
2021-04-14,0.25
2021-04-15,0.25
2021-04-16,0.25
2021-04-19,0.25
2021-04-20,0.25
2021-04-21,0.25
2021-04-22,0.25
2021-04-23,0.25
2021-04-26,0.25
2021-04-27,0.25
2021-04-28,0.25
2021-04-29,0.25
2021-04-30,0.25
2021-05-03,0.25
2021-05-04,0.25
2021-05-05,0.25
2021-05-06,0.25
2021-05-07,0.25
2021-05-10,0.25
2021-05-11,0.25
2021-05-12,0.25
2021-05-13,0.25
2021-05-14,0.25
2021-05-17,0.25
2021-05-18,0.25
2021-05-19,0.25
2021-05-20,0.25
2021-05-21,0.25
2021-05-24,0.25
2021-05-25,0.25
2021-05-26,0.25
2021-05-27,0.25
2021-05-28,0.25
2021-05-31,0.25
2021-06-01,0.25
2021-06-02,0.25
2021-06-03,0.25
2021-06-04,0.25
2021-06-07,0.25
2021-06-08,0.25
2021-06-09,0.25
2021-06-10,0.25
2021-06-11,0.25
2021-06-14,0.25
2021-06-15,0.25
2021-06-16,0.25
2021-06-17,0.25
2021-06-18,0.25
2021-06-21,0.25
2021-06-22,0.25
2021-06-23,0.25
2021-06-24,0.25
2021-06-25,0.25
2021-06-30,0.25
2021-07-01,0.25
2021-07-02,0.25
2021-07-05,0.25
2021-07-06,0.25
2021-07-07,0.25
2021-07-08,0.25
2021-07-09,0.25
2021-07-12,0.25
2021-07-13,0.25
2021-07-14,0.25
2021-07-15,0.25
2021-07-16,0.25
2021-07-19,0.25
2021-07-20,0.25
2021-07-21,0.25
2021-07-22,0.25
2021-07-23,0.25
2021-07-26,0.25
2021-07-27,0.25
2021-07-30,0.25
2021-08-02,0.25
2021-08-03,0.25
2021-08-04,0.25
2021-08-05,0.25
2021-08-06,0.25
2021-08-09,0.25
2021-08-10,0.25
2021-08-11,0.25
2021-08-12,0.25
2021-08-13,0.5
2021-08-16,0.5
2021-08-17,0.5
2021-08-18,0.5
2021-08-19,0.5
2021-08-20,0.5
2021-08-23,0.5
2021-08-24,0.5
2021-08-25,0.5
2021-08-26,0.5
2021-08-27,0.5
2021-08-31,0.5
2021-09-01,0.5
2021-09-02,0.5
2021-09-03,0.5
2021-09-06,0.5
2021-09-07,0.5
2021-09-08,0.5
2021-09-09,0.5
2021-09-10,1.0
2021-09-13,1.0
2021-09-14,1.0
2021-09-15,1.0
2021-09-16,1.0
2021-09-17,1.0
2021-09-20,1.0
2021-09-21,1.0
2021-09-22,1.0
2021-09-23,1.0
2021-09-24,1.0
2021-09-27,1.0
2021-09-28,1.0
2021-09-29,1.0
2021-09-30,1.0
2021-10-01,1.0
2021-10-04,1.0
2021-10-05,1.0
2021-10-06,1.0
2021-10-07,1.0
2021-10-11,1.5
2021-10-12,1.5
2021-10-13,1.5
2021-10-14,1.5
2021-10-15,1.5
2021-10-18,1.5
2021-10-19,1.5
2021-10-20,1.5
2021-10-21,1.5
2021-10-22,1.5
2021-10-25,1.5
2021-10-26,1.5
2021-10-27,1.5
2021-10-28,1.5
2021-10-29,1.5
2021-11-02,1.5
2021-11-03,1.5
2021-11-04,1.5
2021-11-05,1.5
2021-11-08,1.5
2021-11-09,1.5
2021-11-10,1.5
2021-11-11,1.5
2021-11-12,2.0
2021-11-15,2.0
2021-11-16,2.0
2021-11-17,2.0
2021-11-18,2.0
2021-11-19,2.0
2021-11-22,2.0
2021-11-23,2.0
2021-11-24,2.0
2021-11-25,2.0
2021-11-26,2.0
2021-11-29,2.0
2021-11-30,2.0
2021-12-01,2.0
2021-12-02,2.0
2021-12-03,2.0
2021-12-06,2.0
2021-12-07,2.0
2021-12-09,2.0
2021-12-10,2.5
2021-12-13,2.5
2021-12-14,2.5
2021-12-15,2.5
2021-12-16,2.5
2021-12-17,2.5
2021-12-20,2.5
2021-12-21,2.5
2021-12-22,2.5
2021-12-23,2.5
2021-12-24,2.5
2021-12-27,2.5
2021-12-28,2.5
2021-12-29,2.5
2021-12-30,2.5
2021-12-31,2.5
2022-01-03,2.5
2022-01-04,2.5
2022-01-05,2.5
2022-01-06,2.5
2022-01-07,3.0
2022-01-10,3.0
2022-01-11,3.0
2022-01-12,3.0
2022-01-13,3.0
2022-01-14,3.0
2022-01-17,3.0
2022-01-18,3.0
2022-01-19,3.0
2022-01-20,3.0
2022-01-21,3.0
2022-01-24,3.0
2022-01-25,3.0
2022-01-26,3.0
2022-01-27,3.0
2022-01-28,3.0
2022-01-31,3.0
2022-02-01,3.02
2022-02-02,3.0
2022-02-03,3.0
2022-02-04,3.01
2022-02-07,3.0
2022-02-08,3.0
2022-02-09,3.0
2022-02-10,3.0
2022-02-11,3.5
2022-02-14,3.5
2022-02-15,3.5
2022-02-16,3.5
2022-02-17,3.5
2022-02-18,3.5
2022-02-21,3.5
2022-02-22,3.5
2022-02-23,3.5
2022-02-24,3.5
2022-02-25,3.5
2022-02-28,3.52
2022-03-01,3.58
2022-03-02,3.58
2022-03-03,3.58
2022-03-04,3.73
2022-03-07,3.65
2022-03-08,3.61
2022-03-09,3.55
2022-03-10,3.7
2022-03-11,4.0
2022-03-14,4.0
2022-03-15,4.0
2022-03-16,4.0
2022-03-17,4.0
2022-03-18,4.0
2022-03-21,4.0
2022-03-22,4.0
2022-03-23,4.0
2022-03-24,4.0
2022-03-25,4.0
2022-03-28,4.0
2022-03-29,4.11
2022-03-30,4.0
2022-03-31,4.0
2022-04-01,4.14
2022-04-04,4.09
2022-04-05,4.19
2022-04-06,4.3
2022-04-07,4.28
2022-04-08,4.51
2022-04-11,4.5
2022-04-12,4.5
2022-04-13,4.5
2022-04-18,4.5
2022-04-19,4.5
2022-04-20,4.5
2022-04-21,4.59
2022-04-22,4.82
2022-04-25,4.62
2022-04-26,4.61
2022-04-27,4.5
2022-04-28,4.5
2022-04-29,4.5
2022-05-02,4.79
2022-05-03,4.8
2022-05-04,4.91
2022-05-05,4.99
2022-05-06,5.0
2022-05-09,4.5
2022-05-10,4.5
2022-05-11,4.5
2022-05-12,4.5
2022-05-13,5.0
2022-05-16,5.0
2022-05-17,5.0
2022-05-18,5.0
2022-05-19,5.0
2022-05-20,5.02
2022-05-23,5.0
2022-05-24,5.0
2022-05-25,5.0
2022-05-26,5.0
2022-05-27,4.97
2022-05-30,5.29
2022-05-31,5.35
2022-06-01,5.14
2022-06-02,5.0
2022-06-03,5.0
2022-06-06,5.0
2022-06-07,5.0
2022-06-08,5.0
2022-06-09,4.99
2022-06-10,4.59
2022-06-13,5.05
2022-06-14,5.5
2022-06-15,5.5
2022-06-16,5.5
2022-06-17,5.5
2022-06-20,5.5
2022-06-21,5.5
2022-06-22,5.5
2022-06-23,5.5
2022-06-24,5.5
2022-06-27,5.5
2022-06-28,5.5
2022-06-30,5.5
2022-07-01,5.5
2022-07-04,5.5
2022-07-05,5.5
2022-07-06,5.48
2022-07-07,5.47
2022-07-08,5.98
2022-07-11,6.0
2022-07-12,6.0
2022-07-13,6.0
2022-07-14,6.0
2022-07-15,6.0
2022-07-18,6.06
2022-07-19,6.01
2022-07-20,6.0
2022-07-21,6.0
2022-07-22,6.0
2022-07-25,6.0
2022-07-26,6.0
2022-07-27,6.06
2022-08-01,6.04
2022-08-02,6.0
2022-08-03,6.0
2022-08-04,6.0
2022-08-05,6.2
2022-08-08,6.46
2022-08-09,6.15
2022-08-10,6.01
2022-08-11,6.0
2022-08-12,6.5
2022-08-15,5.83
2022-08-16,6.25
2022-08-17,6.32
2022-08-18,6.18
2022-08-19,6.4
2022-08-22,6.48
2022-08-23,6.5
2022-08-24,6.48
2022-08-25,6.5
2022-08-26,6.5
2022-08-29,6.47
2022-08-31,6.5
2022-09-01,6.5
2022-09-02,6.5
2022-09-05,6.5
2022-09-06,6.5
2022-09-07,6.5
2022-09-08,6.5
2022-09-09,6.75
2022-09-12,6.71
2022-09-13,6.75
2022-09-14,6.75
2022-09-15,6.75
2022-09-16,6.75
2022-09-19,6.75
2022-09-20,6.74
2022-09-21,6.75
2022-09-22,6.65
2022-09-23,6.58
2022-09-26,6.75
2022-09-27,6.75
2022-09-28,6.75
2022-09-29,6.75
2022-09-30,6.81
2022-10-03,6.83
2022-10-04,6.75
2022-10-05,6.76
2022-10-06,6.9
2022-10-07,7.13
2022-10-10,7.0
2022-10-11,7.0
2022-10-12,7.0
2022-10-13,7.0
2022-10-14,7.0
2022-10-17,7.0
2022-10-18,7.0
2022-10-19,7.0
2022-10-20,7.0
2022-10-21,7.0
2022-10-24,7.01
2022-10-25,7.0
2022-10-26,7.0
2022-10-27,7.0
2022-10-28,7.0
2022-10-31,7.0
2022-11-02,7.0
2022-11-03,7.0
2022-11-04,7.05
2022-11-07,7.0
2022-11-08,7.0
2022-11-09,7.0
2022-11-10,7.0
2022-11-11,7.25
2022-11-14,7.28
2022-11-15,7.27
2022-11-16,7.25
2022-11-17,7.25
2022-11-18,7.26
2022-11-21,7.36
2022-11-22,7.28
2022-11-23,7.25
2022-11-24,7.27
2022-11-25,7.25
2022-11-28,7.25
2022-11-29,7.3
2022-11-30,7.45
2022-12-01,7.25
2022-12-02,7.25
2022-12-05,7.31
2022-12-06,7.33
2022-12-07,7.27
2022-12-12,7.54
2022-12-13,7.56
2022-12-14,7.5
2022-12-15,7.5
2022-12-16,7.5
2022-12-19,7.5
2022-12-20,7.5
2022-12-21,7.54
2022-12-22,7.51
2022-12-23,7.63
2022-12-26,7.5
2022-12-27,7.51
2022-12-28,7.5
2022-12-29,7.5
2022-12-30,7.5
2023-01-03,7.52
2023-01-04,7.61
2023-01-05,7.65
2023-01-06,7.53
2023-01-09,7.5
2023-01-10,7.5
2023-01-11,7.5
2023-01-12,7.5
2023-01-13,7.75
2023-01-16,7.75
2023-01-17,7.75
2023-01-18,7.75
2023-01-19,7.75
2023-01-20,7.75
2023-01-23,7.75
2023-01-24,7.75
2023-01-25,7.75
2023-01-26,7.75
2023-01-27,7.75
2023-01-30,7.75
2023-01-31,7.73
2023-02-01,7.77
2023-02-02,7.75
2023-02-03,7.83
2023-02-06,7.75
2023-02-07,7.75
2023-02-08,7.75
2023-02-09,7.75
2023-02-10,7.75
2023-02-13,7.75
2023-02-14,7.75
2023-02-15,7.75
2023-02-16,7.75
2023-02-17,7.75
2023-02-20,7.75
2023-02-21,7.75
2023-02-22,7.75
2023-02-23,7.86
2023-02-24,7.75
2023-02-27,7.75
2023-02-28,7.75
2023-03-01,7.75
2023-03-02,7.75
2023-03-03,7.75
2023-03-06,7.74
2023-03-07,7.75
2023-03-08,7.73
2023-03-09,7.75
2023-03-10,7.73
2023-03-13,7.75
2023-03-14,7.75
2023-03-15,7.75
2023-03-16,7.75
2023-03-17,7.75
2023-03-20,7.75
2023-03-21,7.75
2023-03-22,7.75
2023-03-23,7.75
2023-03-24,7.75
2023-03-27,7.75
2023-03-28,7.75
2023-03-29,7.75
2023-03-30,7.75
2023-03-31,7.75
2023-04-03,7.75
2023-04-04,7.75
2023-04-05,7.75
2023-04-10,7.75
2023-04-11,7.75
2023-04-12,7.74
2023-04-13,7.72
2023-04-14,7.75
2023-04-17,7.65
2023-04-18,7.75
2023-04-19,7.75
2023-04-20,7.75
2023-04-21,7.75
2023-04-24,7.76
2023-04-25,7.82
2023-04-26,7.77
2023-04-27,7.75
2023-04-28,7.75
2023-05-02,7.75
2023-05-03,7.75
2023-05-04,7.75
2023-05-05,7.75
2023-05-08,7.75
2023-05-09,7.75
2023-05-10,7.75
2023-05-11,7.75
2023-05-12,7.75
2023-05-15,7.75
2023-05-16,7.75
2023-05-17,7.75
2023-05-18,7.75
2023-05-19,7.75
2023-05-22,7.75
2023-05-23,7.75
2023-05-24,7.76
2023-05-25,7.77
2023-05-26,7.75
2023-05-29,7.75
2023-05-30,7.75
2023-05-31,7.75
2023-06-01,7.75
2023-06-02,7.73
2023-06-05,7.54
2023-06-06,7.75
2023-06-07,7.75
2023-06-08,7.75
2023-06-09,7.75
2023-06-12,7.74
2023-06-13,7.75
2023-06-14,7.75
2023-06-15,7.75
2023-06-16,7.67
2023-06-19,7.75
2023-06-20,7.72
2023-06-21,7.75
2023-06-22,7.92
2023-06-23,7.75
2023-06-26,7.75
2023-06-27,7.75
2023-06-28,7.75
2023-06-30,7.77
2023-07-03,7.81
2023-07-04,7.75
2023-07-05,7.75
2023-07-06,7.75
2023-07-07,7.75
2023-07-10,7.75
2023-07-11,7.75
2023-07-12,7.74
2023-07-13,7.75
2023-07-14,7.75
2023-07-17,7.75
2023-07-18,7.75
2023-07-19,7.75
2023-07-20,7.75
2023-07-21,7.75
2023-07-24,7.75
2023-07-25,7.76
2023-07-26,7.75
2023-07-27,7.75
2023-07-31,7.75
2023-08-01,7.75
2023-08-02,7.75
2023-08-03,7.75
2023-08-04,7.75
2023-08-07,7.75
2023-08-08,7.75
2023-08-09,7.75
2023-08-10,7.75
2023-08-11,7.75
2023-08-14,7.75
2023-08-15,7.75
2023-08-16,7.75
2023-08-17,7.75
2023-08-18,7.75
2023-08-21,7.75
2023-08-22,7.75
2023-08-23,7.75
2023-08-24,7.75
2023-08-25,7.75
2023-08-28,7.75
2023-08-29,7.75
2023-08-31,7.75
2023-09-01,7.75
2023-09-04,7.75
2023-09-05,7.75
2023-09-06,7.75
2023-09-07,7.75
2023-09-08,7.75
2023-09-11,7.75
2023-09-12,7.75
2023-09-13,7.75
2023-09-14,7.75
2023-09-15,7.5
2023-09-18,7.5
2023-09-19,7.5
2023-09-20,7.5
2023-09-21,7.5
2023-09-22,7.5
2023-09-25,7.5
2023-09-26,7.5
2023-09-27,7.5
2023-09-28,7.5
2023-09-29,7.5
2023-10-02,7.5
2023-10-03,7.5
2023-10-04,7.5
2023-10-05,7.5
2023-10-06,7.25
2023-10-09,7.25
2023-10-10,7.25
2023-10-11,7.25
2023-10-12,7.25
2023-10-13,7.26
2023-10-16,7.28
2023-10-17,7.25
2023-10-18,6.97
2023-10-19,7.25
2023-10-20,7.25
2023-10-23,7.25
2023-10-24,7.25
2023-10-25,7.25
2023-10-26,7.25
2023-10-27,7.25
2023-10-30,7.25
2023-10-31,7.25
2023-11-02,7.25
2023-11-03,7.25
2023-11-06,7.25
2023-11-07,7.25
2023-11-08,7.2
2023-11-09,7.25
2023-11-10,7.0
2023-11-13,7.0
2023-11-14,7.1
2023-11-15,7.0
2023-11-16,7.0
2023-11-17,7.0
2023-11-20,7.0
2023-11-21,7.0
2023-11-22,6.99
2023-11-23,7.0
2023-11-24,7.0
2023-11-27,7.0
2023-11-28,7.0
2023-11-29,7.0
2023-11-30,7.0
2023-12-01,7.0
2023-12-04,7.0
2023-12-05,7.0
2023-12-06,7.0
2023-12-07,7.0
2023-12-11,7.0
2023-12-12,7.0
2023-12-13,7.0
2023-12-14,7.0
2023-12-15,6.75
2023-12-18,6.75
2023-12-19,6.75
2023-12-20,6.75
2023-12-21,6.75
2023-12-22,6.75
2023-12-26,6.75
2023-12-27,6.75
2023-12-28,6.75
2023-12-29,6.75
2024-01-03,6.75
2024-01-04,6.75
2024-01-05,6.75
2024-01-08,6.75
2024-01-09,6.75
2024-01-10,6.75
2024-01-11,6.75
2024-01-12,6.5
2024-01-15,6.5
2024-01-16,6.5
2024-01-17,6.5
2024-01-18,6.5
2024-01-19,6.5
2024-01-22,6.5
2024-01-23,6.5
2024-01-24,6.5
2024-01-25,6.5
2024-01-26,6.5
2024-01-29,6.5
2024-01-30,6.5
2024-01-31,6.52
2024-02-01,6.5
2024-02-02,6.5
2024-02-05,6.5
2024-02-06,6.5
2024-02-07,6.5
2024-02-08,6.5
2024-02-09,6.25
2024-02-12,6.25
2024-02-13,6.25
2024-02-14,6.25
2024-02-15,6.25
2024-02-16,6.25
2024-02-19,6.25
2024-02-20,6.25
2024-02-21,6.25
2024-02-22,6.25
2024-02-23,6.25
2024-02-26,6.25
2024-02-27,6.25
2024-02-28,6.25
2024-02-29,6.25
2024-03-01,6.25
2024-03-04,6.25
2024-03-05,6.25
2024-03-06,6.25
2024-03-07,6.25
2024-03-08,6.25
2024-03-11,6.25
2024-03-12,6.25
2024-03-13,6.25
2024-03-14,6.25
2024-03-15,6.25
2024-03-18,6.07
2024-03-19,6.25
2024-03-20,6.25
2024-03-21,6.25
2024-03-22,6.25
2024-03-25,6.25
2024-03-26,6.25
2024-03-27,6.25
2024-04-01,6.25
2024-04-02,6.25
2024-04-03,6.25
2024-04-04,6.25
2024-04-05,6.25
2024-04-08,6.25
2024-04-09,6.25
2024-04-10,6.25
2024-04-11,6.25
2024-04-12,6.0
2024-04-15,6.0
2024-04-16,6.0
2024-04-17,6.0
2024-04-18,6.0
2024-04-19,6.0
2024-04-22,6.0
2024-04-23,6.0
2024-04-24,6.0
2024-04-25,6.0
2024-04-26,6.0
2024-04-29,6.0
2024-04-30,6.0
2024-05-02,6.0
2024-05-03,6.0
2024-05-06,6.0
2024-05-07,6.0
2024-05-08,6.0
2024-05-09,6.0
2024-05-10,5.75
2024-05-13,5.75
2024-05-14,5.75
2024-05-15,5.75
2024-05-16,5.75
2024-05-17,5.75
2024-05-20,5.75
2024-05-21,5.75
2024-05-22,5.75
2024-05-23,5.75
2024-05-24,5.75
2024-05-27,5.75
2024-05-28,5.75
2024-05-29,5.75
2024-05-30,5.75
2024-05-31,5.75
2024-06-03,5.75
2024-06-04,5.75
2024-06-05,5.75
2024-06-06,5.74
2024-06-10,5.75
2024-06-11,5.75
2024-06-12,5.75
2024-06-13,5.72
2024-06-14,5.75
2024-06-17,5.75
2024-06-18,5.75
2024-06-19,5.75
2024-06-20,5.75
2024-06-21,5.75
2024-06-24,5.75
2024-06-25,5.75
2024-06-26,5.75
2024-06-27,5.75
2024-06-28,5.75
2024-07-01,5.75
2024-07-02,5.75
2024-07-03,5.75
2024-07-04,5.75
2024-07-05,5.75
2024-07-08,5.75
2024-07-09,5.75
2024-07-10,5.75
2024-07-11,5.75
2024-07-12,5.75
2024-07-15,5.75
2024-07-16,5.75
2024-07-17,5.75
2024-07-18,5.7
2024-07-19,5.75
2024-07-22,5.74
2024-07-24,5.59
2024-07-25,5.75
2024-07-30,5.75
2024-07-31,5.75
2024-08-01,5.75
2024-08-02,5.75
2024-08-05,5.75
2024-08-07,5.75
2024-08-08,5.75
2024-08-09,5.5
2024-08-12,5.5
2024-08-13,5.5
2024-08-14,5.5
2024-08-15,5.5
2024-08-16,5.5
2024-08-19,5.5
2024-08-20,5.5
2024-08-21,5.5
2024-08-22,5.37
2024-08-23,5.5
2024-08-26,5.5
2024-08-27,5.5
2024-08-28,5.44
2024-08-29,5.5
2024-09-02,5.5
2024-09-03,5.5
2024-09-04,5.5
2024-09-05,5.5
2024-09-06,5.49
2024-09-09,5.48
2024-09-10,5.4
2024-09-11,5.5
2024-09-12,5.35
2024-09-13,5.25
2024-09-16,5.25
2024-09-17,5.25
2024-09-18,5.25
2024-09-19,5.25
2024-09-20,5.25
2024-09-23,5.25
2024-09-24,5.25
2024-09-25,5.25
2024-09-26,5.25
2024-09-27,5.25
2024-09-30,5.25
2024-10-01,5.25
2024-10-02,5.25
2024-10-03,5.25
2024-10-04,5.25
2024-10-07,5.25
2024-10-09,5.25
2024-10-10,5.25
2024-10-11,5.25
2024-10-14,5.25
2024-10-15,5.25
2024-10-16,5.25
2024-10-17,5.25
2024-10-18,5.25
2024-10-21,5.25
2024-10-22,5.25
2024-10-23,5.25
2024-10-24,5.25
2024-10-25,5.25
2024-10-28,5.2
2024-10-29,5.25
2024-10-30,5.25
2024-10-31,5.25
2024-11-04,5.25
2024-11-05,5.25
2024-11-06,5.25
2024-11-07,5.25
2024-11-08,5.0
2024-11-11,5.0
2024-11-12,5.0
2024-11-13,5.0
2024-11-14,5.0
2024-11-15,5.0
2024-11-18,5.0
2024-11-19,5.0
2024-11-20,5.0
2024-11-21,5.0
2024-11-22,5.0
2024-11-25,5.0
2024-11-26,5.0
2024-11-27,5.0
2024-11-28,5.0
2024-11-29,5.0
2024-12-02,5.0
2024-12-03,5.0
2024-12-04,5.0
2024-12-05,5.0
2024-12-06,5.0
2024-12-10,5.0
2024-12-11,5.0
2024-12-12,5.0
2024-12-13,5.0
2024-12-16,5.0
2024-12-17,5.0
2024-12-18,4.29
2024-12-19,5.0
2024-12-20,5.0
2024-12-23,5.0
2024-12-24,5.0
2024-12-26,5.0
2024-12-27,5.0
2024-12-30,4.94
2025-01-02,5.0
2025-01-03,5.0
2025-01-06,5.0
2025-01-07,5.0
2025-01-08,5.0
2025-01-09,5.0
2025-01-10,4.75
2025-01-13,4.75
2025-01-14,4.75
2025-01-15,4.75
2025-01-16,4.74
2025-01-17,4.74
2025-01-20,4.75
2025-01-21,4.75
2025-01-22,4.75
2025-01-23,4.75
2025-01-24,4.75
2025-01-27,4.75
2025-01-28,4.75
2025-01-29,4.75
2025-01-30,4.54
2025-01-31,4.75
2025-02-03,4.75
2025-02-04,4.75
2025-02-05,4.75
2025-02-06,4.75
2025-02-07,4.75
2025-02-10,4.75
2025-02-11,4.75
2025-02-12,4.75
2025-02-13,4.75
2025-02-14,4.75
2025-02-17,4.75
2025-02-18,4.75
2025-02-19,4.75
2025-02-20,4.75
2025-02-21,4.75
2025-02-24,4.75
2025-02-25,4.75
2025-02-26,4.75
2025-02-27,4.75
2025-02-28,4.82
2025-03-03,4.75
2025-03-04,4.75
2025-03-05,4.75
2025-03-06,4.75
2025-03-07,4.75
2025-03-10,4.75
2025-03-11,4.75
2025-03-12,4.75
2025-03-13,4.75
2025-03-14,4.75
2025-03-17,4.75
2025-03-18,4.75
2025-03-19,4.75
2025-03-20,4.75
2025-03-21,4.75
2025-03-24,4.75
2025-03-25,4.75
2025-03-26,4.75
2025-03-27,4.75
2025-03-28,4.75
2025-03-31,4.75
2025-04-01,4.75
2025-04-02,4.75
2025-04-03,4.75
2025-04-04,4.75
2025-04-07,4.75
2025-04-08,4.75
2025-04-09,4.8
2025-04-10,4.75
2025-04-11,4.75
2025-04-14,4.7
2025-04-15,4.75
2025-04-16,4.75
2025-04-21,4.75
2025-04-22,4.75
2025-04-23,4.75
2025-04-24,4.75
2025-04-25,4.75
2025-04-28,4.75
2025-04-29,4.75
2025-04-30,4.75
2025-05-02,4.75
2025-05-05,4.75
2025-05-06,4.76
2025-05-07,4.75
2025-05-08,4.75
2025-05-09,4.5
2025-05-12,4.5
2025-05-13,4.5
2025-05-14,4.5
2025-05-15,4.5
2025-05-16,4.5
2025-05-19,4.5
2025-05-20,4.5
2025-05-21,4.5
2025-05-22,4.5
2025-05-23,4.5
2025-05-26,4.5
2025-05-27,4.5
2025-05-28,4.5
2025-05-29,4.5
2025-05-30,4.5
2025-06-02,4.5
2025-06-03,4.5
2025-06-04,4.5
2025-06-05,4.5
2025-06-06,4.5
2025-06-09,4.5
2025-06-10,4.5
2025-06-11,4.5
2025-06-12,4.5
2025-06-13,4.5
2025-06-16,4.5
2025-06-17,4.5
2025-06-18,4.5
2025-06-19,4.5
2025-06-20,4.5
2025-06-23,4.5
2025-06-24,4.5
2025-06-25,4.5
2025-06-26,4.5
2025-06-27,4.5
2025-06-30,4.63
2025-07-01,4.5
2025-07-02,4.5
2025-07-03,4.5
2025-07-04,4.5
2025-07-07,4.5
2025-07-08,4.5
2025-07-09,4.5
2025-07-10,4.5
2025-07-11,4.5
2025-07-14,4.5
2025-07-15,4.5
2025-07-16,4.5
2025-07-17,4.5
2025-07-18,4.5
2025-07-21,4.5
2025-07-22,4.49
2025-07-24,4.5
2025-07-25,4.5
2025-07-30,4.5
2025-07-31,4.5
2025-08-01,4.5
2025-08-04,4.5
2025-08-05,4.5
2025-08-07,4.5
2025-08-08,4.5
2025-08-11,4.5
2025-08-12,4.5
2025-08-13,4.5
2025-08-14,4.5
2025-08-15,4.5
2025-08-18,4.5
2025-08-19,4.5
2025-08-20,4.5
2025-08-21,4.5
2025-08-22,4.5
2025-08-25,4.5
2025-08-26,4.5
2025-08-27,4.5
2025-08-28,4.5
2025-08-29,4.5
2025-09-01,4.5
2025-09-02,4.5
2025-09-03,4.5
2025-09-04,4.5
2025-09-05,4.5
2025-09-08,4.5
2025-09-09,4.5
2025-09-10,4.5
2025-09-11,4.5
2025-09-12,4.25
2025-09-15,4.29
2025-09-16,4.25
2025-09-17,4.25
2025-09-18,4.25
2025-09-19,4.25
2025-09-22,4.25
2025-09-23,4.25
2025-09-24,4.25
2025-09-25,4.25
2025-09-26,4.25
2025-09-29,4.25
2025-09-30,4.25
2025-10-01,4.25
2025-10-02,4.25
2025-10-03,4.25
2025-10-06,4.25
2025-10-07,4.25
2025-10-09,4.25
2025-10-10,4.25
2025-10-13,4.25
2025-10-14,4.25
2025-10-15,4.25
2025-10-16,4.25
2025-10-17,4.25
2025-10-20,4.25
2025-10-21,4.25
2025-10-22,4.25
2025-10-23,4.25
2025-10-24,4.25
2025-10-27,4.25
2025-10-28,4.25
2025-10-29,4.25
2025-10-30,4.25
2025-10-31,4.25
2025-11-03,4.25
2025-11-04,4.25
2025-11-05,4.25
2025-11-06,4.26
2025-11-07,4.25
2025-11-10,4.25
2025-11-11,4.25
2025-11-12,4.25
2025-11-13,4.25
2025-11-14,4.25
2025-11-17,4.25
2025-11-18,4.25
2025-11-19,4.25
2025-11-20,4.25
2025-11-21,4.25
2025-11-24,4.25
2025-11-25,4.25
2025-11-26,4.25
2025-11-27,4.25
2025-11-28,4.25
2025-12-01,4.25
2025-12-02,4.25
2025-12-03,4.25
2025-12-04,4.25
2025-12-05,4.25
2025-12-10,4.25
2025-12-11,4.25
2025-12-12,4.25
2025-12-15,4.25
2025-12-16,4.25
2025-12-17,4.25
2025-12-18,4.25
2025-12-19,4.21
2025-12-22,4.25
2025-12-23,4.25
2025-12-24,4.25
2025-12-29,4.25
2025-12-30,4.25
2025-12-31,3.85
2026-01-05,4.25
2026-01-06,4.25
2026-01-07,4.25
2026-01-08,4.25
2026-01-09,4.25
2026-01-12,4.25
2026-01-13,4.25
2026-01-14,4.25
2026-01-15,4.25
2026-01-16,4.25
2026-01-19,4.25
2026-01-20,4.25
2026-01-21,4.25
2026-01-22,4.25
2026-01-23,4.24
2026-01-26,4.16
2026-01-27,4.23
2026-01-28,4.24
2026-01-29,4.25
2026-01-30,4.25
2026-02-02,4.25
2026-02-03,4.25
2026-02-04,4.25
2026-02-05,4.25
2026-02-06,4.25
2026-02-09,4.25
2026-02-10,4.25
2026-02-11,4.25
2026-02-12,4.25
2026-02-13,4.25
2026-02-16,4.25
2026-02-17,4.25
2026-02-18,4.25
2026-02-19,4.25
2026-02-20,4.25
2026-02-23,4.2
2026-02-24,4.25
2026-02-25,4.25
2026-02-26,4.25
2026-02-27,4.25
2026-03-02,4.25
2026-03-03,4.25
2026-03-04,4.25
2026-03-05,4.25
2026-03-06,4.25
2026-03-09,4.26
2026-03-10,4.25
2026-03-11,4.25
2026-03-12,4.29
2026-03-13,4.25
2026-03-16,4.25
2026-03-17,4.25
2026-03-18,4.25
2026-03-19,4.25
2026-03-20,4.25
2026-03-23,4.25
2026-03-24,4.25
2026-03-25,4.21
2026-03-26,4.25
2026-03-27,4.17
2026-03-30,4.23
2026-03-31,4.23
2026-04-01,4.23
2026-04-06,4.25
2026-04-07,4.25
2026-04-08,4.25
2026-04-09,4.25
2026-04-10,4.25
2026-04-13,4.25
2026-04-14,4.25
2026-04-15,4.25
2026-04-16,4.25
2026-04-17,4.25
2026-04-20,4.25
2026-04-21,4.25
2026-04-22,4.25
2026-04-23,4.25
2026-04-24,4.25
2026-04-27,4.25
2026-04-28,4.25
2026-04-29,4.25
2026-04-30,4.27
2026-05-04,4.25
2026-05-05,4.25
2026-05-06,4.25
2026-05-07,4.25
2026-05-08,4.25
2026-05-11,4.25
2026-05-12,4.25
2026-05-13,4.25
2026-05-14,4.25
2026-05-15,4.25
2026-05-18,4.25
2026-05-19,4.25
2026-05-20,4.25
2026-05-21,4.25
2026-05-22,4.25
2026-05-25,4.25
2026-05-26,4.25
2026-05-27,4.25
2026-05-28,4.25
2026-05-29,4.25
2026-06-01,4.25
2026-06-02,4.25
2026-06-03,4.25
2026-06-04,4.25
2026-06-05,4.25
2026-06-08,4.25
2026-06-09,4.25
2026-06-10,4.25
2026-06-11,4.25
2026-06-12,4.25
2026-06-15,4.25
2026-06-16,4.25
2026-06-17,4.25
2026-06-18,4.25
2026-06-19,4.3
2026-06-22,4.25
2026-06-23,4.25
2026-06-24,4.25
2026-06-25,4.25
2026-06-26,4.25
2026-06-30,4.25
2026-07-01,4.25
2026-07-02,4.25
2026-07-03,4.25
2026-07-06,4.25
2026-07-07,4.25
2026-07-08,4.25
2026-07-09,4.25
2026-07-10,4.25
2026-07-13,4.25
2026-07-14,4.25
2026-07-15,4.25
2026-07-16,4.3
2026-07-17,4.25
2026-07-20,4.3
2026-07-21,4.25
2026-07-22,4.25
2026-07-24,4.25
2026-07-30,4.25
2026-07-31,4.25
2026-08-03,4.25
2026-08-04,4.25
2026-08-05,4.25
2026-08-07,4.25
2026-08-10,4.25
2026-08-11,4.3
2026-08-12,4.25
2026-08-13,4.25
2026-08-14,4.25
2026-08-17,4.25
2026-08-18,4.3
2026-08-19,4.25
2026-08-20,4.25
2026-08-21,4.3
2026-08-24,4.25
2026-08-25,4.25
2026-08-26,4.16
2026-08-27,4.23
2026-08-28,4.25
2026-08-31,4.25
2026-09-01,4.25
2026-09-02,4.25
2026-09-03,4.25
2026-09-04,4.25
2026-09-07,4.25
2026-09-08,4.25
2026-09-09,4.25
2026-09-10,4.3
2026-09-11,4.25
2026-09-14,4.25
2026-09-15,4.25
2026-09-16,4.25
2026-09-17,4.25
2026-09-18,4.25
2026-09-21,4.25
2026-09-22,4.25
2026-09-23,4.25
2026-09-24,4.25
2026-09-25,4.25
2026-09-28,4.25
